{
  "project_info": {
    "project_number": "550305925459",
    "firebase_url": "https://rockpaperandroidproject.firebaseio.com",
    "project_id": "rockpaperandroidproject",
    "storage_bucket": "rockpaperandroidproject.appspot.com"
  },
  "client": [
    {
      "client_info": {
        "mobilesdk_app_id": "1:550305925459:android:2583ac78ca0fa5ad",
        "android_client_info": {
          "package_name": "com.example.sukhrana.rockpaperandroidproject"
        }
      },
      "oauth_client": [
        {
          "client_id": "550305925459-eu34p6if31suke44kod7bac9sh2ojbrl.apps.googleusercontent.com",
          "client_type": 1,
          "android_info": {
            "package_name": "com.example.sukhrana.rockpaperandroidproject",
            "certificate_hash": "cc427501abb10cfee762882139a09cee4e129189"
          }
        },
        {
          "client_id": "550305925459-an8iugeee20hqmdl0he11e96bih6iqpo.apps.googleusercontent.com",
          "client_type": 1,
          "android_info": {
            "package_name": "com.example.sukhrana.rockpaperandroidproject",
            "certificate_hash": "e652f9a9905076ba7e39d7a088a15ecf6ed7763f"
          }
        },
        {
          "client_id": "550305925459-mc7f9r20as6grb8sdrnscbactcp24au7.apps.googleusercontent.com",
          "client_type": 3
        }
      ],
      "api_key": [
        {
          "current_key": "AIzaSyBeE4aCEvxp5IyLYmyXZb80La021d5DYlU"
        }
      ],
      "services": {
        "analytics_service": {
          "status": 1
        },
        "appinvite_service": {
          "status": 2,
          "other_platform_oauth_client": [
            {
              "client_id": "550305925459-mc7f9r20as6grb8sdrnscbactcp24au7.apps.googleusercontent.com",
              "client_type": 3
            }
          ]
        },
        "ads_service": {
          "status": 2
        }
      }
    }
  ],
  "configuration_version": "1"
}